index_key,index_label,region,2024/25,2025/26,2026/27
overall,Overall Luxury Projects Index,country,,,
overall,Overall Luxury Projects Index,international,,,
labour,Labour Index,country,,,
labour,Labour Index,international,,,
materials,Materials Index,country,,,
materials,Materials Index,international,,,
rawbuild,Raw Build Cost Index,country,,,
rawbuild,Raw Build Cost Index,international,,,
construction,Construction Cost Index,country,,,
construction,Construction Cost Index,international,,,
fees,Professional Fees Index,country,,,
fees,Professional Fees Index,international,,,
ohp,Contractors OH&Ps Index,country,,,
ohp,Contractors OH&Ps Index,international,,,
prelims,Contractors Preliminaries Index,country,,,
prelims,Contractors Preliminaries Index,international,,,
landscaping,Landscaping Index,country,,,
landscaping,Landscaping Index,international,,,
ffe,FF&E Index,country,,,
ffe,FF&E Index,international,,,
allin,All-in Project Cost Index,country,,,
allin,All-in Project Cost Index,international,,,
